Year,VA-emissions-avg,VA-emissions-upper,VA-emissions-lower,TX-emissions-avg,TX-emissions-upper,TX-emissions-lower,CA-emissions-avg,CA-emissions-upper,CA-emissions-lower
2023,13.47748571,13.47748571,13.47748571,8.440601875,8.440601875,8.440601875,2.438258729,2.438258729,2.438258729
2024,16.66349574,16.66349574,16.66349574,9.92421713,9.92421713,9.92421713,2.543500546,2.543500546,2.543500546
2025,19.94199823,20.49,19.62,11.65287746,12.21,11.01,3.08693461,3.27,2.93
2026,23.9440164,25.21,23.27,13.81392704,15.01,12.57,3.635021828,3.86,3.38
2027,28.73203132,31,27.43,16.35262205,18.47,14.25,4.278866503,4.55,3.89
2028,34.45589435,38.14,32.27,19.32836005,22.72,16.05,5.0348481,5.37,4.46
2029,41.29281016,46.91,37.89,22.8078841,27.94,17.92,5.922067791,6.33,5.11
2030,49.45199039,57.7,44.39,26.86551891,34.37,19.8,6.962781446,7.59,5.84
